200,Orangensaft
300,Mangosaft
400,Ananassaft
500,Orangensaft
600,Mangosaft
700,Ananassaft
800,Orangensaft
900,Mangosaft
1000,Ananassaft
1100,Orangensaft
1200,Ananassaft
1300,Ananassaft
1400,Orangensaft
1500,Mangosaft
1600,Ananassaft
1700,Orangensaft
1800,Mangosaft
1900,Ananassaft
2000,Orangensaft
2100,Mangosaft
2200,Ananassaft
2300,Orangensaft
2400,Mangosaft
2500,Ananassaft
2600,Orangensaft
2700,Mangosaft
2800,Ananassaft
2900,Orangensaft
3000,Mangosaft
3100,Ananassaft
3200,Orangensaft
3300,Mangosaft
3400,Ananassaft
3500,Orangensaft
3600,Mangosaft
3700,Ananassaft
3800,Orangensaft
3900,Mangosaft
4000,Ananassaft
4100,Orangensaft
4200,Mangosaft
4300,Ananassaft
4400,Orangensaft
4500,Mangosaft
4600,Ananassaft
4700,Orangensaft
4800,Mangosaft
4900,Ananassaft
5000,Orangensaft
5100,Mangosaft
5200,Ananassaft
5300,Orangensaft
5400,Mangosaft
5500,Ananassaft
5600,Orangensaft
5700,Mangosaft
5800,Ananassaft
5900,Orangensaft
6000,Mangosaft
6100,Ananassaft
6200,Orangensaft
6300,Mangosaft
6400,Ananassaft
6500,Orangensaft
6600,Mangosaft
6700,Ananassaft
6800,Orangensaft
6900,Mangosaft
7000,Ananassaft
7100,Orangensaft
7200,Mangosaft
7300,Ananassaft
7400,Orangensaft
7500,Mangosaft
7600,Ananassaft
7700,Orangensaft
7800,Mangosaft
7900,Ananassaft
8000,Orangensaft
8100,Mangosaft
8200,Ananassaft
8300,Orangensaft
8400,Mangosaft
8500,Ananassaft
8600,Orangensaft
8700,Mangosaft
8800,Ananassaft
8900,Orangensaft
9000,Mangosaft
9100,Ananassaft
9200,Orangensaft
9300,Mangosaft
9400,Ananassaft
9500,Orangensaft
9600,Mangosaft
9700,Ananassaft
9800,Orangensaft
9900,Mangosaft
10000,Ananassaft
10100,Orangensaft
10200,Mangosaft
10300,Ananassaft
10400,Orangensaft
10500,Mangosaft
10600,Ananassaft
10700,Orangensaft
10800,Mangosaft
10900,Ananassaft
11000,Orangensaft
11100,Mangosaft
11200,Ananassaft
11300,Orangensaft
11400,Mangosaft
11500,Ananassaft
11600,Orangensaft
11700,Mangosaft
11800,Ananassaft
11900,Orangensaft
12000,Mangosaft
12100,Ananassaft
12200,Orangensaft
12300,Mangosaft
12400,Ananassaft
12500,Orangensaft
12600,Mangosaft
12700,Ananassaft
12800,Orangensaft
12900,Mangosaft
13000,Ananassaft
13100,Orangensaft
13200,Mangosaft
13300,Ananassaft
13400,Orangensaft
13500,Mangosaft
13600,Ananassaft
13700,Orangensaft
13800,Mangosaft
13900,Ananassaft
14000,Orangensaft
14100,Mangosaft
14200,Ananassaft
14300,Orangensaft
14400,Mangosaft
14500,Ananassaft
14600,Orangensaft
14700,Mangosaft
14800,Ananassaft
14900,Orangensaft
15000,Mangosaft
15100,Ananassaft
15200,Orangensaft
15300,Mangosaft
15400,Ananassaft
15500,Orangensaft
15600,Mangosaft
15700,Ananassaft
15800,Orangensaft
15900,Mangosaft
16000,Ananassaft
16100,Orangensaft
16200,Mangosaft
16300,Ananassaft
16400,Orangensaft
16500,Mangosaft
16600,Ananassaft
16700,Orangensaft
16800,Mangosaft
16900,Ananassaft
17000,Orangensaft
17100,Mangosaft
17200,Ananassaft
17300,Orangensaft
17400,Mangosaft
17500,Ananassaft
17600,Orangensaft
17700,Mangosaft
17800,Ananassaft
17900,Orangensaft
18000,Mangosaft
18100,Ananassaft
18200,Orangensaft
18300,Mangosaft
18400,Ananassaft
18500,Orangensaft
18600,Mangosaft
18700,Ananassaft
18800,Orangensaft
18900,Mangosaft
19000,Ananassaft
19100,Orangensaft
19200,Mangosaft
19300,Ananassaft
19400,Orangensaft
19500,Mangosaft
19600,Ananassaft
19700,Orangensaft
19800,Mangosaft
19900,Ananassaft
20000,Orangensaft
20100,Mangosaft
20200,Ananassaft
20300,Orangensaft
20400,Mangosaft
20500,Ananassaft
20600,Orangensaft
20700,Mangosaft
20800,Ananassaft
20900,Orangensaft
21000,Mangosaft
21100,Ananassaft
21200,Orangensaft
21300,Mangosaft
21400,Ananassaft
21500,Orangensaft
21600,Mangosaft
21700,Ananassaft
21800,Orangensaft
21900,Mangosaft
22000,Ananassaft
22100,Orangensaft
22200,Mangosaft
22300,Ananassaft
22400,Orangensaft
22500,Mangosaft
22600,Ananassaft
22700,Orangensaft
22800,Mangosaft
22900,Ananassaft
23000,Orangensaft
23100,Mangosaft
23200,Ananassaft
23300,Orangensaft
23400,Mangosaft
23500,Ananassaft
23600,Orangensaft
23700,Mangosaft
23800,Ananassaft
23900,Orangensaft
24000,Mangosaft
24100,Ananassaft
24200,Orangensaft
24300,Mangosaft
24400,Ananassaft
24500,Orangensaft
24600,Mangosaft
24700,Ananassaft
24800,Orangensaft
24900,Mangosaft
25000,Ananassaft
25100,Orangensaft
25200,Mangosaft
25300,Ananassaft
25400,Orangensaft
25500,Mangosaft
25600,Ananassaft
25700,Orangensaft
25800,Mangosaft
25900,Ananassaft
26000,Orangensaft
26100,Mangosaft
26200,Ananassaft
26300,Orangensaft
26400,Mangosaft
26500,Ananassaft
26600,Orangensaft
26700,Mangosaft
26800,Ananassaft
26900,Orangensaft
27000,Mangosaft
27100,Ananassaft
27200,Orangensaft
27300,Mangosaft
27400,Ananassaft
27500,Orangensaft
27600,Mangosaft
27700,Ananassaft
27800,Orangensaft
27900,Mangosaft
28000,Ananassaft
28100,Orangensaft
28200,Mangosaft
28300,Ananassaft
28400,Orangensaft
28500,Mangosaft
28600,Ananassaft
28700,Orangensaft
28800,Mangosaft
28900,Ananassaft
29000,Orangensaft
29100,Mangosaft
29200,Ananassaft
29300,Orangensaft
29400,Mangosaft
29500,Ananassaft
29600,Orangensaft
29700,Mangosaft
29800,Ananassaft
29900,Orangensaft
30000,Mangosaft
30100,Ananassaft
30200,Orangensaft
30300,Mangosaft
30400,Ananassaft
30500,Orangensaft
30600,Mangosaft
30700,Ananassaft
30800,Orangensaft
30900,Mangosaft
31000,Ananassaft
31100,Orangensaft
31200,Mangosaft
31300,Ananassaft
31400,Orangensaft
31500,Mangosaft
31600,Ananassaft
31700,Orangensaft
31800,Mangosaft
31900,Ananassaft
32000,Orangensaft
32100,Mangosaft
32200,Ananassaft
32300,Orangensaft
32400,Mangosaft
32500,Ananassaft
32600,Orangensaft
32700,Mangosaft
32800,Ananassaft
32900,Orangensaft
33000,Mangosaft
33100,Ananassaft
33200,Orangensaft
33300,Mangosaft
33400,Ananassaft
33500,Orangensaft
33600,Mangosaft
33700,Ananassaft
33800,Orangensaft
33900,Mangosaft
34000,Ananassaft
34100,Orangensaft
34200,Mangosaft
34300,Ananassaft
34400,Orangensaft
34500,Mangosaft
34600,Ananassaft
34700,Orangensaft
34800,Mangosaft
34900,Ananassaft
35000,Orangensaft
35100,Mangosaft
35200,Ananassaft
35300,Orangensaft
35400,Mangosaft
35500,Ananassaft
35600,Orangensaft
35700,Mangosaft
35800,Ananassaft
35900,Orangensaft
36000,Mangosaft
36100,Ananassaft
36200,Orangensaft
36300,Mangosaft
36400,Ananassaft
36500,Orangensaft
36600,Mangosaft
36700,Ananassaft
36800,Orangensaft
36900,Mangosaft
37000,Ananassaft
37100,Orangensaft
37200,Mangosaft
37300,Ananassaft
37400,Orangensaft
37500,Mangosaft
37600,Ananassaft
37700,Orangensaft
37800,Mangosaft
37900,Ananassaft
38000,Orangensaft
38100,Mangosaft
38200,Ananassaft
38300,Orangensaft
38400,Mangosaft
38500,Ananassaft
38600,Orangensaft
38700,Mangosaft
38800,Ananassaft
38900,Orangensaft
39000,Mangosaft
39100,Ananassaft
39200,Orangensaft
39300,Mangosaft
39400,Ananassaft
39500,Orangensaft
39600,Mangosaft
39700,Ananassaft
39800,Orangensaft
39900,Mangosaft
40000,Ananassaft
40100,Orangensaft
40200,Mangosaft
40300,Ananassaft
40400,Orangensaft
40500,Mangosaft
40600,Ananassaft
40700,Orangensaft
40800,Mangosaft
40900,Ananassaft
41000,Orangensaft
41100,Mangosaft
41200,Ananassaft
41300,Orangensaft
41400,Mangosaft
41500,Ananassaft
41600,Orangensaft
41700,Mangosaft
41800,Ananassaft
41900,Orangensaft
42000,Mangosaft
42100,Ananassaft
42200,Orangensaft
42300,Mangosaft
42400,Ananassaft
42500,Orangensaft
42600,Mangosaft
42700,Ananassaft
42800,Orangensaft
42900,Mangosaft
43000,Ananassaft
43100,Orangensaft
43200,Mangosaft
43300,Ananassaft
43400,Orangensaft
43500,Mangosaft
43600,Ananassaft
43700,Orangensaft
43800,Mangosaft
43900,Ananassaft
44000,Orangensaft
44100,Mangosaft
44200,Ananassaft
44300,Orangensaft
44400,Mangosaft
44500,Ananassaft
44600,Orangensaft
44700,Mangosaft
44800,Ananassaft
44900,Orangensaft
45000,Mangosaft
45100,Ananassaft
45200,Orangensaft
45300,Mangosaft
45400,Ananassaft
45500,Orangensaft
45600,Mangosaft
45700,Ananassaft
45800,Orangensaft
45900,Mangosaft
46000,Ananassaft
46100,Orangensaft
46200,Mangosaft
46300,Ananassaft
46400,Orangensaft
46500,Mangosaft
46600,Ananassaft
46700,Orangensaft
46800,Mangosaft
46900,Ananassaft
47000,Orangensaft
47100,Mangosaft
47200,Ananassaft
47300,Orangensaft
47400,Mangosaft
47500,Ananassaft
47600,Orangensaft
47700,Mangosaft
47800,Ananassaft
47900,Orangensaft
48000,Mangosaft
48100,Ananassaft
48200,Orangensaft
48300,Mangosaft
48400,Ananassaft
48500,Orangensaft
48600,Mangosaft
48700,Ananassaft
48800,Orangensaft
48900,Mangosaft
49000,Ananassaft
49100,Orangensaft
49200,Mangosaft
49300,Ananassaft
49400,Orangensaft
49500,Mangosaft
49600,Ananassaft
49700,Orangensaft
49800,Mangosaft
49900,Ananassaft
50000,Orangensaft
50100,Mangosaft
50200,Ananassaft
50300,Ananassaft
