FID,ID,GEOMETRIE,NAME,ANGEBOT,GROESSE_M2,HOMEPAGE,NUMMER_INTERN
spielplatz.gisdb.21982,gisdb.21982,POINT (47.784868387731386 13.037666850539443),Spielplatz König-Ludwig-Straße,Spielgeräte,1400,http://www.stadt-salzburg.at/internet/leben_in_salzburg/kinder_jugend/spielplaetze/spielplaetze_uebersicht/spielplaetze_leopoldskron/koenig_ludwig_strasse_407018.htm,3035
spielplatz.gisdb.22030,gisdb.22030,POINT (47.80958827594368 13.02732694261256),Spielplatz Leonhard-von-Keutschach-Straße,Spielgeräte,2600,http://www.stadt-salzburg.at/internet/leben_in_salzburg/kinder_jugend/spielplaetze/spielplaetze_uebersicht/spielplaetze_lehen_sued/leonhard_von_keutschach_strasse_407011.htm,4251
spielplatz.gisdb.22031,gisdb.22031,POINT (47.823658173764215 13.071886748999077),Spielplatz Lerchenstraße,"Spielgeräte, Fussball, Streetball/Basketball, Tischtennis",7800,http://www.stadt-salzburg.at/internet/leben_in_salzburg/kinder_jugend/spielplaetze/spielplaetze_uebersicht/kinderspielplaetze_gnigl/lerchenstrasse_406998.htm,4252
spielplatz.gisdb.22032,gisdb.22032,POINT (47.81187824809021 13.049246839581576),Spielplatz Merianstraße,Spielgeräte,1700,http://www.stadt-salzburg.at/internet/leben_in_salzburg/kinder_jugend/spielplaetze/spielplaetze_uebersicht/spielplaetze_schallmoos/merianstrasse_407086.htm,4254
spielplatz.gisdb.22033,gisdb.22033,POINT (47.789328343552974 13.067196714112441),Spielplatz Michael-Pacher-Straße,Spielgeräte,400,http://www.stadt-salzburg.at/internet/leben_in_salzburg/kinder_jugend/spielplaetze/spielplaetze_uebersicht/spielplaetze_morzg/michael_pacher_strasse_407057.htm,4255
spielplatz.gisdb.22034,gisdb.22034,POINT (47.80488825745031 13.035886931199219),Kletterparcours Müllner Schanze,"Spielgeräte, Kletterparcours",1800,http://www.stadt-salzburg.at/internet/leben_in_salzburg/kinder_jugend/spielplaetze/spielplaetze_uebersicht/spielplaetze_innere_stadt/kletterparcours_muellner_schanze_395884.htm,4257
spielplatz.gisdb.22035,gisdb.22035,POINT (47.81281827374658 13.0097670336932),Spielplatz Norbert-Brüll-Straße,Spielgeräte,6800,http://www.stadt-salzburg.at/internet/leben_in_salzburg/kinder_jugend/spielplaetze/spielplaetze_uebersicht/spielplaetze_taxham/norbert_bruell_strasse_407076.htm,4258
spielplatz.gisdb.21997,gisdb.21997,POINT (47.78028838177366 13.074456663524536),Spielplatz Billrothstraße,Spielgeräte,900,http://www.stadt-salzburg.at/internet/leben_in_salzburg/kinder_jugend/spielplaetze/spielplaetze_uebersicht/spielplaetze_morzg/billrothstrasse_407049.htm,4205
spielplatz.gisdb.22046,gisdb.22046,POINT (47.815358247253734 13.028306947562452),Spielplatz Scherzhauserfeldstraße,Spielgeräte,600,http://www.stadt-salzburg.at/internet/leben_in_salzburg/kinder_jugend/spielplaetze/spielplaetze_uebersicht/spielplaetze_lehen_nord_glanspitz/scherzhauserfeldstrasse_406921.htm,4276
spielplatz.gisdb.22044,gisdb.22044,POINT (47.83784814597116 13.018347034081726),Spielplatz Salzachsee Nord,"Spielgeräte, Fussball, Streetball/Basketball, Beach Volleyball, Boule, Trinkwasser, WC",7500,http://www.stadt-salzburg.at/internet/leben_in_salzburg/kinder_jugend/spielplaetze/spielplaetze_uebersicht/kinderspielplaetze_in_liefering/salzachsee_nord_406949.htm,4273
spielplatz.gisdb.22045,gisdb.22045,POINT (47.82610816677291 13.065506784239862),Spielplatz Samstraße,Spielgeräte,1800,http://www.stadt-salzburg.at/internet/leben_in_salzburg/kinder_jugend/spielplaetze/spielplaetze_uebersicht/kinderspielplaetze_gnigl/samstrasse_406999.htm,4274
spielplatz.gisdb.22047,gisdb.22047,POINT (47.82027819541072 13.064966777061635),Spielplatz Schillinghofstraße,"Spielgeräte, Fussball",2000,http://www.stadt-salzburg.at/internet/leben_in_salzburg/kinder_jugend/spielplaetze/spielplaetze_uebersicht/kinderspielplaetze_gnigl/schillinghofstrasse_407000.htm,4277
spielplatz.gisdb.21995,gisdb.21995,POINT (47.82170658765826 13.020576900649958),Spielplatz Abtsdorferstraße,Spielgeräte,2300,http://www.stadt-salzburg.at/internet/leben_in_salzburg/kinder_jugend/spielplaetze/spielplaetze_uebersicht/kinderspielplaetze_in_liefering/abtsdorferstrasse_406950.htm,4200
spielplatz.gisdb.21998,gisdb.21998,POINT (47.82555821395062 13.007287067293294),Spielplatz Brandelbühel / Keltenweg,Spielgeräte,12000,http://www.stadt-salzburg.at/internet/leben_in_salzburg/kinder_jugend/spielplaetze/spielplaetze_uebersicht/kinderspielplaetze_in_liefering/brandelbuehel_keltenweg_406951.htm,4206
spielplatz.gisdb.21999,gisdb.21999,POINT (47.80792826095599 13.05743679299428),Spielplatz Dr.-Karl-Renner-Straße,"Spielgeräte, Fußball",4300,http://www.stadt-salzburg.at/internet/leben_in_salzburg/kinder_jugend/spielplaetze/spielplaetze_uebersicht/spielplaetze_schallmoos/dr_karl_renner_strasse_407085.htm,4210
spielplatz.gisdb.22000,gisdb.22000,POINT (47.77096124446931 13.038679123638754),Spielplatz Eduard-Macheiner-Straße,Spielgeräte,2800,http://www.stadt-salzburg.at/internet/leben_in_salzburg/kinder_jugend/spielplaetze/spielplaetze_uebersicht/spielplaetze_morzg/eduard_macheiner_strasse_407050.htm,4212
spielplatz.gisdb.22001,gisdb.22001,POINT (47.81852822551696 13.036656912183773),Spielplatz Erzherzog-Eugen-Straße,Spielgeräte,1200,http://www.stadt-salzburg.at/internet/leben_in_salzburg/kinder_jugend/spielplaetze/spielplaetze_uebersicht/kinderspielplaetze_itzling/erzherzog_eugen_strasse_406981.htm,4213
spielplatz.gisdb.21996,gisdb.21996,POINT (47.81069423401776 13.006875382769753),Abenteuerspielplatz Taxham,"Spielgeräte, Fußball",9100,http://www.stadt-salzburg.at/internet/leben_in_salzburg/kinder_jugend/spielplaetze/spielplaetze_uebersicht/spielplaetze_taxham/abenteuerspielplatz_taxham_407073.htm,4201
spielplatz.gisdb.22002,gisdb.22002,POINT (47.81112826955029 13.025936951987479),Spielplatz Esshaverstraße,Spielgeräte,600,http://www.stadt-salzburg.at/internet/leben_in_salzburg/kinder_jugend/spielplaetze/spielplaetze_uebersicht/spielplaetze_lehen_sued/esshaverstrasse_407008.htm,4214
spielplatz.gisdb.22003,gisdb.22003,POINT (47.78789944926493 13.034020735998716),Spielplatz Firmianstraße,"Fussball, Streetball/Basketball, ",11500,http://www.stadt-salzburg.at/internet/leben_in_salzburg/kinder_jugend/spielplaetze/spielplaetze_uebersicht/spielplaetze_leopoldskron/firmianstrasse_407019.htm,4215
spielplatz.gisdb.22004,gisdb.22004,POINT (47.83548799590834 13.001966434815905),Spielplatz Forellenweg,"Spielgeräte, Fussball, Streetball/Basketball, Tischtennis, Volleyball, Trinkwasser",19100,http://www.stadt-salzburg.at/internet/leben_in_salzburg/kinder_jugend/spielplaetze/spielplaetze_uebersicht/kinderspielplaetze_in_liefering/forellenweg_406952.htm,4216
spielplatz.gisdb.22005,gisdb.22005,POINT (47.787038356787775 13.06438672395652),Spielplatz Franz-Flöckner-Park,Spielgeräte,3700,http://www.stadt-salzburg.at/internet/leben_in_salzburg/kinder_jugend/spielplaetze/spielplaetze_uebersicht/spielplaetze_morzg/franz_floeckner_park_407051.htm,4218
spielplatz.gisdb.22048,gisdb.22048,POINT (47.78978837650198 13.021216939015334),Spielplatz Schliesselberger Gründe,"Spielgeräte, Fussball, Streetball/Basketball, Tischtennis",7900,http://www.stadt-salzburg.at/internet/leben_in_salzburg/kinder_jugend/spielplaetze/spielplaetze_uebersicht/spielplaetze_maxglan/schliesselberger_gruende_407036.htm,4279
spielplatz.gisdb.22006,gisdb.22006,POINT (47.80276830034452 13.038596876164693),Spielplatz Franz Josef Kai,"Spielgeräte, Trinkwasser",1500,http://www.stadt-salzburg.at/internet/leben_in_salzburg/kinder_jugend/spielplaetze/spielplaetze_uebersicht/spielplaetze_innere_stadt/franz_josef_kai_406937.htm,4219
spielplatz.gisdb.22007,gisdb.22007,POINT (47.77639837532724 13.062216754775086),Spielplatz Frohnburg Süd,"Spielgeräte, Fussball, Spielwiese",10800,http://www.stadt-salzburg.at/internet/leben_in_salzburg/kinder_jugend/spielplaetze/spielplaetze_uebersicht/spielplaetze_morzg/spielplatz_frohnburg_sued_407052.htm,4220
spielplatz.gisdb.22008,gisdb.22008,POINT (47.82457815605445 13.043736926088242),Fußballwiese Itzling,Fussball,11500,http://www.stadt-salzburg.at/internet/leben_in_salzburg/kinder_jugend/spielplaetze/spielplaetze_uebersicht/kinderspielplaetze_itzling/fussballwiese_itzling_406982.htm,4221
spielplatz.gisdb.22009,gisdb.22009,POINT (47.81017827590316 13.023646961552476),Spielplatz Gailenbachweg,"Spielgeräte, Fussball",5100,http://www.stadt-salzburg.at/internet/leben_in_salzburg/kinder_jugend/spielplaetze/spielplaetze_uebersicht/spielplaetze_lehen_sued/gailenbachweg_407009.htm,4222
spielplatz.gisdb.22036,gisdb.22036,POINT (47.77317843768601 13.046356788499631),Spielplatz Offingerweg,"Spielgeräte, Fussball",2700,http://www.stadt-salzburg.at/internet/leben_in_salzburg/kinder_jugend/spielplaetze/spielplaetze_uebersicht/spielplaetze_morzg/offingerweg_fussballwiese_407056.htm,4259
spielplatz.gisdb.22037,gisdb.22037,POINT (47.81558824713472 13.027006954290133),Spielplatz Paumannstraße,"Spielgeräte, Fussball, Spielwasser, Trinkwasser",5500,http://www.stadt-salzburg.at/internet/leben_in_salzburg/kinder_jugend/spielplaetze/spielplaetze_uebersicht/spielplaetze_lehen_nord_glanspitz/paumannstrasse_406922.htm,4260
spielplatz.gisdb.22038,gisdb.22038,POINT (47.82631817836577 13.048996865123033),Spielplatz Rauchenbichl,"Spielgeräte, Fussball, Streetball/Basketball, Tischtennis, WC",9800,http://www.stadt-salzburg.at/internet/leben_in_salzburg/kinder_jugend/spielplaetze/spielplaetze_uebersicht/kinderspielplaetze_itzling/rauchenbichl_406985.htm,4263
spielplatz.gisdb.22039,gisdb.22039,POINT (47.79807829923355 13.069756716352297),Spielplatz Rettenpacherstraße,Spielgeräte,4200,http://www.stadt-salzburg.at/internet/leben_in_salzburg/kinder_jugend/spielplaetze/spielplaetze_uebersicht/kinderspielplaetze_in_aigen/rettenpacherstrasse_406966.htm,4267
spielplatz.gisdb.22010,gisdb.22010,POINT (47.80949826687753 13.039746881897347),Spielplatz Gebirgsjäger Platz,"Spielgeräte, Trinkwasser",3700,http://www.stadt-salzburg.at/internet/leben_in_salzburg/kinder_jugend/spielplaetze/spielplaetze_uebersicht/spielplaetze_innere_stadt/gebirgsjaeger_platz_406938.htm,4223
spielplatz.gisdb.22011,gisdb.22011,POINT (47.79924829485219 13.068076726510705),Spielplatz Geißmayerstraße,"Spielgeräte, Fussball",2300,http://www.stadt-salzburg.at/internet/leben_in_salzburg/kinder_jugend/spielplaetze/spielplaetze_uebersicht/kinderspielplaetze_in_aigen/geissmayerstrasse_406963.htm,4224
spielplatz.gisdb.22012,gisdb.22012,POINT (47.812378264959136 13.024026963409598),Spielplatz General-Arnold-Straße,Spielgeräte,1000,http://www.stadt-salzburg.at/internet/leben_in_salzburg/kinder_jugend/spielplaetze/spielplaetze_uebersicht/spielplaetze_lehen_nord_glanspitz/general_arnold_strasse_406926.htm,4226
spielplatz.gisdb.22013,gisdb.22013,POINT (47.7781084456194 13.00483699915144),Spielplatz Glanfeldstraße,Spielgeräte,800,http://www.stadt-salzburg.at/internet/leben_in_salzburg/kinder_jugend/spielplaetze/spielplaetze_uebersicht/spielplaetze_maxglan/glanfeldstrasse_407029.htm,4227
spielplatz.gisdb.22040,gisdb.22040,POINT (47.7928183654598 13.016476967231823),Spielplatz Richard-Knoller-Straße,"Spielgeräte, Fussball",2500,http://www.stadt-salzburg.at/internet/leben_in_salzburg/kinder_jugend/spielplaetze/spielplaetze_uebersicht/spielplaetze_maxglan/richard_knoller_strasse_407035.htm,4268
spielplatz.gisdb.22041,gisdb.22041,POINT (47.81283823457824 13.060846784631517),Spielplatz Robinigstraße,"Spielgeräte, Fußball",4100,http://www.stadt-salzburg.at/internet/leben_in_salzburg/kinder_jugend/spielplaetze/spielplaetze_uebersicht/spielplaetze_schallmoos/robinigstrasse_407087.htm,4270
spielplatz.gisdb.22042,gisdb.22042,POINT (47.81126824027758 13.063336769846918),Spielplatz Röcklbrunnstraße,Spielgeräte,400,http://www.stadt-salzburg.at/internet/leben_in_salzburg/kinder_jugend/spielplaetze/spielplaetze_uebersicht/spielplaetze_schallmoos/roecklbrunnstrasse_407088.htm,4271
spielplatz.gisdb.22043,gisdb.22043,POINT (47.807798265116105 13.05281681530262),Spielplatz Rupertgasse,"Spielgeräte, Fußball, Trinkwasser",4600,http://www.stadt-salzburg.at/internet/leben_in_salzburg/kinder_jugend/spielplaetze/spielplaetze_uebersicht/spielplaetze_schallmoos/rupertgasse_407089.htm,4272
spielplatz.gisdb.22014,gisdb.22014,POINT (47.82543818714296 13.043086892467445),Spielplatz Goethestraße - Hügelgelände,"Spielgeräte, Fussball, Streetball/Basketball",13900,http://www.stadt-salzburg.at/internet/leben_in_salzburg/kinder_jugend/spielplaetze/spielplaetze_uebersicht/kinderspielplaetze_itzling/goethestrasse_huegelgelaende_406984.htm,4230
spielplatz.gisdb.22015,gisdb.22015,POINT (47.82643818003127 13.04605687966559),Spielplatz Goethestraße,Spielgeräte,400,http://www.stadt-salzburg.at/internet/leben_in_salzburg/kinder_jugend/spielplaetze/spielplaetze_uebersicht/kinderspielplaetze_itzling/goethestrasse_406983.htm,4231
spielplatz.gisdb.22016,gisdb.22016,POINT (47.8090983000442 12.998957080129221),Spielplatz Guritzerstraße,"Spielgeräte, Fußball, Streetball/Basketball",3000,http://www.stadt-salzburg.at/internet/leben_in_salzburg/kinder_jugend/spielplaetze/spielplaetze_uebersicht/spielplaetze_taxham/guritzerstrasse_407074.htm,4232
spielplatz.gisdb.22017,gisdb.22017,POINT (47.81226825955372 13.031786925381908),Spielplatz Alois-Stockinger-Straße,Spielgeräte,4300,http://www.stadt-salzburg.at/internet/leben_in_salzburg/kinder_jugend/spielplaetze/spielplaetze_uebersicht/spielplaetze_lehen_nord_glanspitz/alois_stockinger_strasse_314077.htm,4233
spielplatz.gisdb.21983,gisdb.21983,POINT (47.82189819573968 13.054266831974363),Spielplatz Baron-Schwarz-Park,"Spielgeräte, Fußball, Streetball/Basketball, Skate-Miniramp, BMX Dirt-Jump, Trinkwasser, WC",23700,http://www.stadt-salzburg.at/internet/leben_in_salzburg/kinder_jugend/spielplaetze/spielplaetze_uebersicht/spielplaetze_schallmoos/baron_schwarz_park_407084.htm,3100
spielplatz.gisdb.21984,gisdb.21984,POINT (47.78814836792313 13.04279683105997),Spielplatz Hans-Donnenberg-Park,"Spielgeräte, Fussball, Streetball/Basketball, Tischtennis, Volleyball, Trinkwasser",17300,http://www.stadt-salzburg.at/internet/leben_in_salzburg/kinder_jugend/spielplaetze/spielplaetze_uebersicht/spielplaetze_leopoldskron/hans_donnenberg_park_407020.htm,3101
spielplatz.gisdb.21985,gisdb.21985,POINT (47.81045617907781 13.051271922651521),Spielplatz Dr.-Hans-Lechner-Park,"Spielgeräte, Fußball, Tischtennis, Beach Volleyball, Boule, WC",1800,http://www.stadt-salzburg.at/internet/leben_in_salzburg/kinder_jugend/spielplaetze/spielplaetze_uebersicht/spielplaetze_schallmoos/dr_hans_lechner_park_409834.htm,3102
spielplatz.gisdb.21986,gisdb.21986,POINT (47.76284847300774 13.065566677515642),Spielplatz Hellbrunn Schlosspark,"Spielgeräte, Streetball/Basketball, Spielwiese, WC",8000,http://www.stadt-salzburg.at/internet/leben_in_salzburg/kinder_jugend/spielplaetze/spielplaetze_uebersicht/spielplaetze_morzg/hellbrunn_schlosspark_407054.htm,3105
spielplatz.gisdb.22018,gisdb.22018,POINT (47.78525836974037 13.058716748597408),Spielplatz Hellbrunner Allee,"Spielgeräte, Fussball",1700,http://www.stadt-salzburg.at/internet/leben_in_salzburg/kinder_jugend/spielplaetze/spielplaetze_uebersicht/spielplaetze_morzg/hellbrunner_allee_407053.htm,4235
spielplatz.gisdb.22019,gisdb.22019,POINT (47.79479834923901 13.02513692835348),Spielplatz Huemerpark,Spielgeräte,3300,http://www.stadt-salzburg.at/internet/leben_in_salzburg/kinder_jugend/spielplaetze/spielplaetze_uebersicht/spielplaetze_maxglan/huemerpark_407030.htm,4236
spielplatz.gisdb.22020,gisdb.22020,POINT (47.81258826086586 13.028046944159815),Spielplatz Hüttenbergstraße,Spielgeräte,3500,http://www.stadt-salzburg.at/internet/leben_in_salzburg/kinder_jugend/spielplaetze/spielplaetze_uebersicht/spielplaetze_lehen_nord_glanspitz/huettenbergstrasse_406923.htm,4237
spielplatz.gisdb.22021,gisdb.22021,POINT (47.792388329173164 13.066626722038652),Spielplatz Ignaz-Rieder-Kai,Spielgeräte,2300,http://www.stadt-salzburg.at/internet/leben_in_salzburg/kinder_jugend/spielplaetze/spielplaetze_uebersicht/kinderspielplaetze_in_aigen/ignaz_rieder_kai_406964.htm,4238
spielplatz.gisdb.21987,gisdb.21987,POINT (47.81500824399126 13.034786915370706),Spielplatz Lehener Park,"Spielgeräte, Streetball/Basketball, Volleyball, Spielwasser, Trinkwasser, WC",8300,http://www.stadt-salzburg.at/internet/leben_in_salzburg/kinder_jugend/spielplaetze/spielplaetze_uebersicht/spielplaetze_lehen_nord_glanspitz/lehener_park_405268.htm,3108
spielplatz.gisdb.21988,gisdb.21988,POINT (47.81300822378989 13.073896721280686),Spielplatz Minnesheimpark,"Spielgeräte, Streetball/Basketball, Trinkwasser, WC",2000,http://www.stadt-salzburg.at/internet/leben_in_salzburg/kinder_jugend/spielplaetze/spielplaetze_uebersicht/kinderspielplaetze_gnigl/minnesheimpark_406997.htm,3110
spielplatz.gisdb.22022,gisdb.22022,POINT (47.77543840685218 13.072366665554664),Spielplatz Johann-Elias-Straße,"Spielgeräte, Fussball, Streetball/Basketball, Tischtennis",5700,http://www.stadt-salzburg.at/internet/leben_in_salzburg/kinder_jugend/spielplaetze/spielplaetze_uebersicht/spielplaetze_morzg/johann_elias_strasse_407055.htm,4239
spielplatz.gisdb.22023,gisdb.22023,POINT (47.78042841501927 13.030106879904926),Spielplatz Josef-Moosbrucker-Weg,"Spielgeräte, ",600,http://www.stadt-salzburg.at/internet/leben_in_salzburg/kinder_jugend/spielplaetze/spielplaetze_uebersicht/spielplaetze_leopoldskron/josef_moosbrucker_weg_407021.htm,4241
spielplatz.gisdb.22024,gisdb.22024,POINT (47.81416827230307 13.00311706840273),Spielplatz Josef-Ressel-Straße,"Spielgeräte, Tischtennis",4300,http://www.stadt-salzburg.at/internet/leben_in_salzburg/kinder_jugend/spielplaetze/spielplaetze_uebersicht/spielplaetze_taxham/josef_ressel_strasse_407075.htm,4242
spielplatz.gisdb.22025,gisdb.22025,POINT (47.81608823400515 13.041006886857097),Spielplatz Julius-Haagn-Straße,Spielgeräte,1700,http://www.stadt-salzburg.at/internet/leben_in_salzburg/kinder_jugend/spielplaetze/spielplaetze_uebersicht/kinderspielplaetze_itzling/julius_haagn_strasse_345183.htm,4243
spielplatz.gisdb.21989,gisdb.21989,POINT (47.80483825365202 13.041166905353952),Zauberflötenspielplatz,"Spielgeräte, Kletterwand, Trinkwasser, WC",1500,http://www.stadt-salzburg.at/internet/leben_in_salzburg/kinder_jugend/spielplaetze/spielplaetze_uebersicht/spielplaetze_innere_stadt/zauberfloetenspielplatz_314726.htm,3111
spielplatz.gisdb.21990,gisdb.21990,POINT (47.83090817721265 13.021437007297493),Spielplatz Salzachsee Süd,Spielgeräte,2500,http://www.stadt-salzburg.at/internet/leben_in_salzburg/kinder_jugend/spielplaetze/spielplaetze_uebersicht/kinderspielplaetze_in_liefering/salzachsee_sued_406953.htm,3114
spielplatz.gisdb.21991,gisdb.21991,POINT (47.803338311620834 13.02025696654669),Spielplatz Stölzlpark,"Spielgeräte, Tischtennis, WC",12700,http://www.stadt-salzburg.at/internet/leben_in_salzburg/kinder_jugend/spielplaetze/spielplaetze_uebersicht/spielplaetze_maxglan/stoelzlpark_407028.htm,3115
spielplatz.gisdb.21992,gisdb.21992,POINT (47.79789830865488 13.058566770601667),Spielplatz Volksgarten,"Spielgeräte, Fussball (Soccer-Käfig), Streetball/Basketball, WC",5000,http://www.stadt-salzburg.at/internet/leben_in_salzburg/kinder_jugend/spielplaetze/spielplaetze_uebersicht/spielplaetze_innere_stadt/volksgarten_406939.htm,3116
spielplatz.gisdb.21993,gisdb.21993,POINT (47.798328292868156 13.076506683866064),Spielplatz Preuschenpark,"Spielgeräte, Fussball, Streetball/Basketball, Tischtennis, Trinkwasser, WC",20000,http://www.stadt-salzburg.at/internet/leben_in_salzburg/kinder_jugend/spielplaetze/spielplaetze_uebersicht/kinderspielplaetze_in_aigen/preuschenpark_406965.htm,3117
spielplatz.gisdb.21994,gisdb.21994,POINT (47.820768219672665 13.030116947856738),Spielplatz Glanspitz-Areal,"Spielgeräte, Fussball, Tischtennis, Boule, Slackline",4000,http://www.stadt-salzburg.at/internet/leben_in_salzburg/kinder_jugend/spielplaetze/spielplaetze_uebersicht/spielplaetze_lehen_nord_glanspitz/glanspitz_areal_406925.htm,3118
spielplatz.gisdb.22026,gisdb.22026,POINT (47.80651829262365 13.024956948992594),Spielplatz Karl-Adrian-Straße,"Spielgeräte, Fussball, Streetball/Basketball, Trinkwasser",700,http://www.stadt-salzburg.at/internet/leben_in_salzburg/kinder_jugend/spielplaetze/spielplaetze_uebersicht/spielplaetze_maxglan/karl_adrian_strasse_407032.htm,4244
spielplatz.gisdb.22027,gisdb.22027,POINT (47.78305841401188 13.014796958958598),Spielplatz Kendlerstraße / Rollbahn,"Spielgeräte, Streetball/Basketball, Tischtennis, Volleyball, Skating",3000,http://www.stadt-salzburg.at/internet/leben_in_salzburg/kinder_jugend/spielplaetze/spielplaetze_uebersicht/spielplaetze_maxglan/kendlerstrasse_rollbahn_407034.htm,4246
spielplatz.gisdb.22028,gisdb.22028,POINT (47.77991843505937 13.007176990800982),Spielplatz Kendlerstraße / Kräutlerweg,Spielgeräte,2100,http://www.stadt-salzburg.at/internet/leben_in_salzburg/kinder_jugend/spielplaetze/spielplaetze_uebersicht/spielplaetze_maxglan/kendlerstrasse_kraeutlerweg_407033.htm,4248
spielplatz.gisdb.22029,gisdb.22029,POINT (47.81139827061551 13.022836967559961),Spielplatz Lehener Straße,"Spielgeräte, Tischtennis",10100,http://www.stadt-salzburg.at/internet/leben_in_salzburg/kinder_jugend/spielplaetze/spielplaetze_uebersicht/spielplaetze_lehen_sued/lehener_strasse_407010.htm,4250
spielplatz.gisdb.22049,gisdb.22049,POINT (47.824148189216125 13.048546863662581),Spielplatz Schopperstraße,"Spielgeräte, Fussball",5200,http://www.stadt-salzburg.at/internet/leben_in_salzburg/kinder_jugend/spielplaetze/spielplaetze_uebersicht/kinderspielplaetze_itzling/schopperstrasse_406986.htm,4280
spielplatz.gisdb.22050,gisdb.22050,POINT (47.81413822044906 13.0711067367867),Spielplatz Schulstraße,Spielgeräte,2700,http://www.stadt-salzburg.at/internet/leben_in_salzburg/kinder_jugend/spielplaetze/spielplaetze_uebersicht/kinderspielplaetze_gnigl/schulstrasse_406996.htm,4282
spielplatz.gisdb.22051,gisdb.22051,POINT (47.81471825250299 13.025496960187063),Spielplatz Schumacherstraße,"Spielgeräte, Fussball (Soccer-Käfig), Streetball/Basketball, Tischtennis",8200,http://www.stadt-salzburg.at/internet/leben_in_salzburg/kinder_jugend/spielplaetze/spielplaetze_uebersicht/spielplaetze_lehen_nord_glanspitz/schumacherstrasse_fussballwiese_406927.htm,4283
spielplatz.gisdb.22052,gisdb.22052,POINT (47.78012837808703 13.080296634794676),Spielplatz Slavi-Soucek-Straße,"Spielgeräte, Fussball, Streetball/Basketball, Tischtennis",5600,http://www.stadt-salzburg.at/internet/leben_in_salzburg/kinder_jugend/spielplaetze/spielplaetze_uebersicht/kinderspielplaetze_in_aigen/slavi_soucek_strasse_406967.htm,4285
spielplatz.gisdb.22053,gisdb.22053,POINT (47.77815836501146 13.064556746326625),Spielpark Süd,"Spielgeräte, Streetball/Basketball, Tischtennis, Spielwasser, Trinkwasser, WC",22200,http://www.stadt-salzburg.at/internet/leben_in_salzburg/kinder_jugend/spielplaetze/spielplaetze_uebersicht/spielplaetze_morzg/spielpark_sued_407048.htm,4286
spielplatz.gisdb.22054,gisdb.22054,POINT (47.809338293893234 13.005467048788699),Spielplatz Taxhamgasse,Spielgeräte,3300,http://www.stadt-salzburg.at/internet/leben_in_salzburg/kinder_jugend/spielplaetze/spielplaetze_uebersicht/spielplaetze_taxham/taxhamgasse_407077.htm,4291
spielplatz.gisdb.22055,gisdb.22055,POINT (47.80492831737265 13.002697054851316),Spielplatz Teisenberggasse,"Spielgeräte, Fußball, Streetball/Basketball",5500,http://www.stadt-salzburg.at/internet/leben_in_salzburg/kinder_jugend/spielplaetze/spielplaetze_uebersicht/spielplaetze_taxham/teisenberggasse_407072.htm,4292
spielplatz.gisdb.22056,gisdb.22056,POINT (47.825468185637234 13.04486688383577),Spielplatz Veronaplatz,Spielgeräte,400,http://www.stadt-salzburg.at/internet/leben_in_salzburg/kinder_jugend/spielplaetze/spielplaetze_uebersicht/kinderspielplaetze_itzling/veronaplatz_406980.htm,4293
spielplatz.gisdb.22057,gisdb.22057,POINT (47.80697829815215 13.014826999163658),Spielplatz Julius Welser Straße,Spielgeräte,1100,http://www.stadt-salzburg.at/internet/leben_in_salzburg/kinder_jugend/spielplaetze/spielplaetze_uebersicht/spielplaetze_maxglan/julius_welser_strasse_407031.htm,4295
spielplatz.gisdb.22058,gisdb.22058,POINT (47.82191823111835 13.007887058221975),Spielplatz Umwelttunnel Liefering,"Spielgeräte, Fussball, Streetball/Basketball, Trinkwasser, WC",14500,http://www.stadt-salzburg.at/internet/leben_in_salzburg/kinder_jugend/spielplaetze/spielplaetze_uebersicht/kinderspielplaetze_in_liefering/umwelttunnel_liefering_406954.htm,4296
spielplatz.gisdb.22059,gisdb.22059,POINT (47.77724838861627 13.084766608170751),Spielplatz Sonnenpark,Spielgeräte,1500,http://www.stadt-salzburg.at/internet/leben_in_salzburg/kinder_jugend/spielplaetze/spielplaetze_uebersicht/kinderspielplaetze_in_aigen/sonnenpark_202700.htm,4297
spielplatz.gisdb.22060,gisdb.22060,POINT (47.795138280466325 13.113006500577058),Spielplatz Zistlalm,Spielgeräte,2000,http://www.stadt-salzburg.at/internet/leben_in_salzburg/kinder_jugend/spielplaetze/spielplatz_auf_der_zistelalm_409402.htm,4298
spielplatz.gisdb.22061,gisdb.22061,POINT (47.82291819738016 13.045656875686234),Spielplatz Kirchenstraße,Spielgeräte,2200,http://www.stadt-salzburg.at/internet/leben_in_salzburg/kinder_jugend/spielplaetze/spielplaetze_uebersicht/kinderspielplaetze_itzling/kirchenstrasse_409824.htm,4299
spielplatz.gisdb.22062,gisdb.22062,POINT (47.818518203504105 13.06552677136845),Spielplatz Aglassingerstraße,Spielgeräte,440,http://www.stadt-salzburg.at/internet/leben_in_salzburg/kinder_jugend/spielplaetze/spielplaetze_uebersicht/kinderspielplaetze_gnigl/aglassingerstrasse_409798.htm,4300
spielplatz.gisdb.22063,gisdb.22063,POINT (47.80834827932336 13.030756923796368),Spielplatz Wallnergasse,"Spielgeräte, Fussball (Soccer-Käfig)",650,http://www.stadt-salzburg.at/internet/leben_in_salzburg/kinder_jugend/spielplaetze/spielplaetze_uebersicht/spielplaetze_lehen_sued/wallnergasse_409813.htm,4301
spielplatz.gisdb.22064,gisdb.22064,POINT (47.7754884467553 13.019906921287902),Spielplatz Moosstraße / Schwarzgrabenweg,"Spielgeräte, Spielwiese",3500,http://www.stadt-salzburg.at/internet/leben_in_salzburg/kinder_jugend/spielplaetze/spielplaetze_uebersicht/spielplaetze_leopoldskron/moosstrasse_schwarzgrabenweg_385531.htm,4302
